id,input_sentence,label,prediction,Original_Loss,T_Masked_Loss,V_Masked_Loss,A_Masked_Loss
-6rXp3zJ3kc[1],very aware of many people are not until they get to be a older age and they realize that gosh they wasted a lot of time and money in placing bets on stock that's ultimately lost value,[0. 1. 0. 0. 0. 0.],[1. 0. 1. 0. 0. 0.],-0.8512831330299377,-0.5531152486801147,1.3269250392913818,1.2031629085540771
-yRb-Jum7EQ[0],vacuum it comes with the assistance and agitation of states and regimes yesterday iran announced that it will finance the families of the terrorists and murderers this shows that iran even after the nuclear agreement is continuing to aid terrorism including palestinian terrorism hezbollah terrorism and its assistance to hamas this,[0. 1. 0. 0. 0. 0.],[0. 1. 1. 0. 1. 1.],1.7737412452697754,1.3940497636795044,0.11128779500722885,1.029333472251892
0bxhZ-LIfZY[0],i think what will hold us back will be our weakness in implementation our deadlocked democracy if not educated will turn back on us which is something we need to clearly focus on education,[1. 1. 0. 0. 0. 0.],[0. 1. 1. 0. 1. 1.],1.5314724445343018,0.2235773503780365,1.3458319902420044,0.7047023773193359
102213[11],animals there seems to be a ton of but there also seems to be a ton of real animals and i'm not sure why they would have blown all that money when they could have just you know it all because the animals really weren't that impressive,[0. 1. 0. 1. 0. 0.],[0. 1. 1. 1. 1. 0.],-0.12704798579216003,1.037498116493225,1.457686185836792,0.18211062252521515
107585[4],characters and it felt like the you know there's like just a little bit just way too typical of a boring film that tries really hard to be funny but it's just not funny at all and it's not it's not stutter witty it it's stutter,[0. 0. 1. 1. 1. 0.],[0. 1. 1. 0. 1. 0.],0.5831335783004761,1.6614404916763306,-0.3481660485267639,0.8724856972694397
107585[18],all and umm you know mandy moore's character is kind of like you feel like her character's unrealistic because what type of girl would go that hard core to you know to get married in this church and it just seemed unrealistic and she gets all in a fit and it's just really really tiring and stressful movie,[1. 0. 1. 0. 1. 0.],[1. 1. 1. 1. 1. 0.],-0.744208812713623,0.8218212127685547,0.9874348640441895,0.3290973901748657
112425[2],umm i think that uhh a lot of the more recent videos from disney such as the emperor's new groove umm over the hedge and stuff like that they've had a lot of real high brow umm you know adult comedy but i think does a very good job in umm sticking to it's target audience which is kids and you know hyping that to how disney movies used to be you know with with kids jokes and not these kinds of inane sexual references so i would highly recommend i think,[0. 1. 0. 0. 0. 0.],[1. 1. 0. 0. 1. 0.],0.23544710874557495,-0.5731424689292908,0.9403724670410156,-0.12225722521543503
116213[1],there summer here and if you're looking for a fantastic at a value price that everyone in your family can watch well why not try pay it forward with haley joel osment helen hunt and kevin spacey this movie takes you through the journey of a child who learns life's lessons and it might just leave you crying in the end,[1. 0. 0. 0. 0. 0.],[1. 0. 0. 0. 0. 0.],-0.9937142729759216,-0.6360418200492859,0.7878575921058655,0.7973708510398865
121400[8],and little do you know that uhh the league extraordinary gentlemen has a woman in it and each of these uhh five people have different powers and uhh they're all a little bit special at what they do and uhh you've got a vampire in there you've got an invisible man,[1. 0. 0. 1. 0. 0.],[1. 1. 0. 1. 0. 0.],-0.08473771065473557,-0.44193896651268005,1.491700530052185,0.5702916383743286
135623[4],granted i only paid two dollars to see it uhh there's a really cheap movie theater where i live that i can go see movies that have come out umm recently for pretty cheap but two dollars didn't even really seem like a bargain considering that movie you know just really cheesy uhh the graphics and stuff were just kind of annoying like the stuff i don't,[0. 0. 1. 0. 1. 0.],[0. 1. 1. 1. 1. 0.],0.5218127965927124,1.2678728103637695,0.6853686571121216,0.3285050690174103
173CpFb3clw[1],get some examples from industry associations of the different terms and conditions that other people in your industry use review them look to see how your terms and conditions might fit into those sit down and draft them and then have somebody look at them like a solicitor or an industry representative to see that they meet all the and state regulations,[1. 1. 0. 0. 0. 1.],[0. 1. 1. 0. 0. 0.],1.0006195306777954,-0.39333412051200867,0.688306987285614,1.0935630798339844
190743[2],son they're looking and looking and looking and she's got a history of using drugs and she has a history of being a liar and not not stutter acting appropriately and then not being stutter you know a person with uhh everything there all her marbles together in a row and,[0. 0. 1. 0. 0. 0.],[0. 1. 1. 0. 1. 0.],1.0044562816619873,0.48647671937942505,1.1517109870910645,0.6056022047996521
198112[10],or something but this is definitely something you're gonna show your kids cause it's hilarious and it's hilarious in a different way and a lot of people don't uhh appreciate it as much as it is because they just kinda think it's funny but i think this is creatively done because i'm into like a weird humor i guess you could say and there's like umm like hidden humor in here just that uhh with editing and continuity and uhh just the way things are produced that makes it humorous in that aspect as opposed to just uhh the way he is and it's,[1. 0. 1. 1. 0. 0.],[1. 1. 1. 1. 1. 0.],-0.5634404420852661,-0.38412120938301086,1.6348193883895874,0.5671607851982117
1pl2FVdQWj0[1],introducing where are they from where do they go to school what was their life like growing up what was their career like what were the highs of their career what were the lows of their career do they have a family do they like basketball do they eat pizza with i,[1. 0. 1. 0. 0. 0.],[1. 0. 1. 1. 0. 0.],-0.9798248410224915,0.7430564165115356,0.887252688407898,0.8892767429351807
206585[4],he gets into it he enjoys it a lot but he's still keeping a secret from his family so he is trying to cope with having this this stutter you know exciting moment added to his life and trying to keep it from his family so he's trying to figure out how to balance everything and you know i mean the dance scenes in here i felt were fantastic i thought jennifer lopez did a fantastic job and the girl really can dance umm as as stutter far as that goes that's pretty much it i think the,[0. 0. 1. 0. 0. 0.],[1. 1. 0. 1. 0. 0.],-0.6955077052116394,-0.7786576151847839,1.0650742053985596,0.010887449607253075
208592[7],production so it's uhh the story goes like you know there's uhh this new singer dancer at a bar which is in the call girl area or the red light area kind of thing and he falls in love with this girl but this girl is in love with some other person so you know the story is whether he'll actually get the girl or not and you know how he pursues that,[0. 0. 1. 0. 1. 0.],[1. 1. 0. 0. 0. 0.],-0.11219441890716553,-0.8221167922019958,1.5860329866409302,0.19509010016918182
210259[14],office and stutter all the three of the you know all the three scenes are kind of related to each other because they're talking about why did the us go to war with afghanistan and iraq and what was the reason and what can be done now and stutter you know whatever they talk about it's they try to make a stutter drama out of it a dramatic movie out of it but really doesn't make sense you know stutter,[0. 1. 1. 1. 0. 0.],[0. 1. 1. 0. 1. 0.],0.3938537538051605,1.4004765748977661,0.26116323471069336,1.684523582458496
213327[9],there if you're looking for comedy then {lg} rent or buy a comedy and if you're looking for something that's going to scare you then i would definitely just rent or buy a horror movie because this movie just didn't do it for me the acting,[0. 1. 1. 0. 1. 0.],[1. 1. 1. 0. 1. 0.],0.0671948790550232,0.5428781509399414,1.3455491065979004,1.007667899131775
221137[4],basically uhh the plot of the movie is this umm uhh named jane eats umm these these stutter umm uhh treats that are that have in them and she doesn't know that she does it and it just follows her day and her hilarious supposed to be hilarious misadventures and mishaps but umm,[0. 0. 1. 0. 0. 0.],[1. 0. 1. 0. 0. 0.],-0.3963964283466339,-0.8798182010650635,1.1470195055007935,1.0615944862365723
222247[8],and once there robert redford finds that the prison is hopelessly corrupt and some of the inmates are being murdered and uhh james character the warden uhh is running the prison uhh like a despot and uhh there's just a whole bunch of bad things going on inside the prison that shouldn't be happening uhh,[0. 0. 0. 0. 1. 0.],[0. 1. 1. 0. 1. 0.],1.1359224319458008,1.0423510074615479,0.26075905561447144,0.9689107537269592
22373[3],umm i don't think is one of the best movies uhh ever it's about umm is about uhh two guys who go to africa because they've been called upon because uhh a village over there in east africa this is set in has a problem because there's two man eating lion lions stutter who are uhh killing a lot of the people there so,[0. 1. 1. 0. 0. 0.],[1. 1. 1. 0. 1. 0.],0.4648437798023224,0.17222614586353302,1.0325226783752441,0.9386940002441406
224631[9],umm basically this is what it says on the back here and uhh i was trying to think of a way to describe this movie because it's just so complex and the way they put it on the back just umm it's the right way to say it umm,[1. 0. 0. 0. 0. 0.],[1. 1. 1. 0. 1. 0.],-0.16076220571994781,0.7073189616203308,0.7046723961830139,0.9291662573814392
22689[0],hi this is jack and i'm reviewing the new movie out umm the good shepherd umm starring matt damon angelina william hurt alec baldwin robert de niro so i mean obviously you can tell it's got an all star cast but,[1. 0. 1. 0. 0. 0.],[1. 0. 0. 0. 0. 0.],-0.7030943036079407,-0.6939986944198608,0.2590656280517578,0.7678468823432922
22689[8],family i mean i understand that's kind of an important part of a movie but it made up about a third of the movie and i really wanted to sleep through all of it stutter the movie,[0. 0. 1. 0. 0. 0.],[1. 1. 1. 0. 0. 0.],0.47996559739112854,0.10799187421798706,0.6233147382736206,0.3070890009403229
234046[19],was okay there's a big sort of uhh conspiracy to unleash a bunch of demons from hell and umm keanu reeves is trying to stop this and umm rachel weiss plays a cop who sort of reluctantly agrees to help him basically reluctantly because she doesn't really believe him and he has an assistant who uhh the assistant has some pretty funny parts,[0. 0. 0. 0. 0. 0.],[0. 1. 1. 0. 1. 0.],0.030412036925554276,0.9677597880363464,0.8042736053466797,1.1459556818008423
237363[7],i obviously did not do enough research before i saw the movie which you are a good person if you're watching this video because you're trying to do some research before you go out there and spend the umm looks like six fifty on the movie,[0. 1. 1. 0. 0. 0.],[1. 0. 1. 0. 0. 0.],-0.6522501111030579,-0.23606020212173462,1.3384629487991333,1.1191599369049072
238063[8],presented it is an epic tale it's a good story it's a great history about people umm animation of the the stutter new age uhh type deal was terrible and like i said she didn't fit the character john malkovich,[1. 0. 0. 0. 1. 0.],[1. 0. 0. 0. 1. 0.],-1.0658317804336548,0.18024766445159912,0.6383810639381409,1.142099380493164
24351[8],uhh but during this one party of the us uhh secretary of treasury played by christopher walken uhh the guys owen wilson's character actually finds himself falling for uhh the secretary's daughter and they invite them to go home with them to their estate over the weekend and he actually uhh pleads vince vaughns character to come with him and join him uhh over the weekend at this big estate and,[1. 0. 0. 0. 0. 0.],[1. 1. 0. 0. 0. 0.],-0.5631577968597412,0.11574879288673401,0.5548543334007263,1.189152717590332
24504[1],this is not a very good movie at all but if you like the video game tomb raider it's based on that and that was one of my very favorite favorite video games ever and so of course i had to get the movie umm,[1. 0. 0. 0. 0. 0.],[1. 1. 1. 0. 1. 0.],-0.930831789970398,0.16611026227474213,0.5587048530578613,0.5704825520515442
254427[0],what's up guys i am going to review a movie that i think and actually many people agree with me uhh critics and fans alike that is one of or maybe the best war movie umm ever made and it's called saving private ryan it stars tom hank's of course umm matt damon and a cast of others including vin diesel if you're a fan of his and it's about umm you know a setting in world war two and a mother who has lost three of her four sons in the war so there is one mission to go and find the fourth son whose name is private ryan umm the movie goes through that it goes through the realities of war and world war two what happened there and what happened to them umm it's seen through the eyes of these soldiers you know they question their orders they don't understand why they have to risk their life umm ryan questions his orders he just wants to stay and fight for his country umm and really just goes through their struggles of your your stutter everyday you know american soldier in world war two and it's poignant and it's beautiful and you know it won five academy awards including best director steven spielberg of course you know it's hailed by everybody time magazine usa today new york times entertainment weekly umm it won best picture award at the the stutter toronto broadcast film critic special it,[1. 0. 0. 0. 0. 0.],[1. 1. 1. 0. 0. 0.],-0.4181324243545532,-0.22698771953582764,0.88590008020401,1.2596951723098755
257277[16],seeing it's kind of one of those movies where uhh it's stretched out to ninety minutes just to be a full length movie but it would have been perfectly fine just showing the the stutter choreographed uhh dance scenes like a ten minute short or like something on tv or even just like put someone put up a clip on of just people dancing it's it's stutter,[0. 0. 0. 0. 1. 0.],[1. 1. 1. 1. 1. 0.],-0.21184448897838593,0.4856654107570648,0.3859582543373108,0.37933099269866943
257534[6],umm after watching it i just felt a little bit sick a little bit disgusted like why did i just waste my time watching that umm so i think most people would get that feeling after seeing this,[0. 1. 1. 0. 1. 0.],[0. 1. 1. 0. 1. 0.],0.5330462455749512,2.045121669769287,0.375988632440567,0.7278767824172974
267466[10],umm so he leaves and in his new city he ends up being there and he meets this guy who finds out he's a film director and says well can you film my daughter's wedding and franco says sure i'll do that and,[1. 0. 0. 1. 0. 0.],[1. 0. 0. 0. 0. 0.],-1.2436517477035522,0.05678587779402733,1.3110960721969604,0.3767567276954651
267694[5],uhh it's like one of the most stupid comedies like you don't really laugh that much but but stutter you laugh at some parts but as soon as it ends you're like i just wasted like ninety minutes of my life and like like stutter ten dollars,[0. 1. 1. 1. 1. 0.],[0. 1. 1. 0. 1. 0.],0.8002160787582397,1.8281917572021484,-0.04842933639883995,0.8879082202911377
272838[16],commit it's a like for profit prison where they have this pay creation that's these death races and they have convicts racing in like cars with all kinds of crazy stuff like missiles and and machine guns and they kill each other and if you win it's five races you get your freedom so,[0. 1. 1. 0. 1. 0.],[0. 1. 1. 0. 1. 1.],0.5061397552490234,1.036761999130249,1.2008764743804932,1.238938808441162
273250[26],of it so it's he has to figure out what's going on and why this is happening and is person number two involved with this and is he a good guy or a bad guy is the people is coming to help him investigate and are they good or bad is there other interests in here,[1. 0. 1. 1. 1. 0.],[1. 1. 1. 0. 0. 1.],0.46700355410575867,-0.769212543964386,2.2727487087249756,0.4290357232093811
275267[8],bad it has tom in it uhh that's not a reflection on him cause he's actually a good actor it's got toby keith who he's a country music singer and if you're listening to country music that's fine but he really shouldn't be acting and it's also got uhh ted nugent,[0. 0. 0. 0. 1. 0.],[1. 1. 1. 1. 1. 0.],-0.04669670760631561,0.5980352759361267,0.6703362464904785,0.8590160012245178
283935[3],i would've i watched this movie once four years ago for something didn't really like it it's stutter suspenseful but meaningless at the same time and it has a confusing plot so if you're looking for a good watch like a classic watch like you're going to watch an old movie umm and you're you're stutter looking for an action or a suspense movie don't get deja vu you'll get like shanghai knights just,[0. 0. 1. 0. 1. 1.],[0. 1. 1. 0. 1. 0.],-0.21250346302986145,1.3314849138259888,0.19119368493556976,0.9791945815086365
2BuFtglEcaY[7],that but you know i was wondering was i was i like a proud mama and i thought no that would insinuate that i had a hand in shaping this amazing organization and event and i'm really much to new at to claim that so i settled instead on auntie as in auntie dorinda is so proud to be part of this organization and event and the deep roots and branches we build,[1. 0. 0. 0. 0. 0.],[1. 1. 0. 1. 0. 0.],-1.014718770980835,-0.14816303551197052,1.9766297340393066,0.2909235656261444
35694[9],special features not a whole lot but it has like how they created you know some of the umm some of the character you know stuff and everything like that and how they destroyed a lot of the buildings and stuff like that but i mean the movie kind of just isn't that great so i mean you probably don't wanna pick this up because umm the movie's not that great so you won't be that interested in the special features so umm i'd skip over this one and uhh look for another one so that's it,[1. 0. 1. 0. 1. 0.],[0. 1. 1. 0. 1. 0.],0.34069254994392395,0.8222700357437134,0.6314176917076111,-0.2730657458305359
3HyAaqre_Fk[1],issues there are one or two dissenters here and there but generally whether it's the economy the environment or politics people seem to agree that right now we are in a big crisis and which is self evident of course but also at this time it has really brought home to everyone that everything is interconnected there,[0. 0. 0. 1. 0. 0.],[1. 1. 1. 0. 0. 1.],0.006191185209900141,-0.765760600566864,2.2161026000976562,0.20262156426906586
3UOqbf_B_Yc[2],marketing has a big influence on us because they are pushing every product out there we have to have in the newest and most fast form possible and we buy into that but the bottom line you need to save for your retirement if you want to have,[1. 0. 0. 0. 0. 0.],[1. 0. 0. 0. 0. 1.],0.10724473744630814,-1.5063279867172241,1.891107439994812,0.6357350945472717
41381[8],though it it stutter is a thriller umm he wants this woman the woman is you know not interested in the guy so he finds a uhh i won't tell the story but he gets possession of this girl and then tries to take care and win her heart over but uhh the story's uhh related to that watch this,[0. 1. 0. 0. 0. 0.],[1. 1. 0. 0. 0. 0.],-0.11100592464208603,-0.4265138506889343,1.6162277460098267,0.6890280246734619
46615[1],postmortem starring uhh charlie sheen umm i guess now he's trying to take himself seriously since the box says charles sheen but uhh this is not a movie i would pick if i was charles sheen to launch my serious movie career uhh,[0. 1. 0. 0. 1. 0.],[0. 1. 1. 0. 1. 0.],0.6505382061004639,1.545384168624878,0.3398786783218384,0.3145657181739807
53766[6],performances but one of the special things for this whole box set is really when you open it up it has such a beautiful presentation to any fan that shows you uhh a retrospective of the the years has a uhh a live cd over here so you can listen to the live concert in your car has the two disks it also has umm some uhh autographed uhh guitar picks they are not really,[1. 0. 0. 0. 0. 0.],[1. 1. 0. 0. 0. 0.],-0.6023462414741516,-1.048215389251709,1.6395666599273682,-0.7322728633880615
59673[4],wasn't i wasn't too impressed i hardly watched any of it and umm i was kind of let down umm i thought the original previews in two thousand really led me astray and then i umm one on the internet umm today right uhh right as i was watching it and it {lg} seemed a lot different so i don't know maybe there's another park out there but this park is sure not umm a horror movie so uhh don't rent it if you're looking for,[1. 1. 0. 1. 0. 0.],[0. 1. 1. 1. 1. 0.],-0.2146264761686325,1.3885290622711182,0.5460262894630432,0.39933037757873535
5vwXp27bCLw[12],the second issue that brings up and i think one that needs to be looked at very very carefully is he talks about creating a new lending fund that is going to ensure that more money will make its way to households to buy automobiles to fund college education and also to entrepreneurs it's,[0. 0. 1. 0. 0. 1.],[1. 1. 1. 0. 0. 1.],1.3226641416549683,-0.02010170929133892,1.1056660413742065,0.4933225214481354
63951[10],indians then like twenty years later the vikings come back to to stutter take over the land and the kid has is now a grown up and he's part of the indian culture and he's going to stop the vikings from taking over the americas and ruling them and killing them all cause they're very savage people and they're very big,[1. 0. 0. 0. 0. 0.],[0. 1. 1. 0. 1. 0.],1.0346273183822632,0.811352014541626,0.32906991243362427,0.907452404499054
67uKYi7mslE[18],so well so we file the insurance do the paperwork and when it comes to what the portion is whether they have insurance or not i mean depending on what they need sometimes i can it can be more than what you want to write a check for out of your checking account this week,[1. 1. 0. 1. 0. 0.],[1. 0. 1. 0. 0. 0.],0.10378224402666092,-0.4693557024002075,0.621544599533081,1.3478819131851196
6EDoVEm16fU[2],they've at first they'd asked me if i would consider not coming back to uni and to stay with them but i've obviously made the decision to get my degree and it's in the back of my mind that i could go back there but i'm gonna see what's out there for the minute as well,[1. 1. 0. 0. 0. 0.],[1. 1. 0. 0. 0. 1.],0.8262972235679626,-0.8936149477958679,2.125335693359375,0.09054288268089294
7deoh0NoMs4[1],mark pearson managing director of operations consulting services commented believe that being positioned in the leaders quadrant of this gartner report is a testament to the quality and breadth of services delivers to clients to help them create dynamic operations capable of responding to volatility in the business he said,[1. 0. 0. 0. 0. 0.],[1. 0. 0. 0. 0. 0.],-0.29854297637939453,-1.2347177267074585,1.3395811319351196,0.48555585741996765
7npCA0zoQ8Q[0],i think the university of manchester has a lot to offer a prospective student there's an awful lot of support like i mentioned earlier the speed course was really good at introducing the and on the whole the training that you're offered and support in that way is really good all kinds,[1. 0. 0. 0. 0. 0.],[1. 1. 0. 0. 0. 1.],0.8830980062484741,-0.5499982833862305,2.7394931316375732,-0.43546321988105774
8VhVf0TbjDA[0],award as the west sub area advisory managing partner of ernst young leadership has resulted in her sub area gaining the number one rankings for sales performance revenue growth and profitability within ernst young and in her personally being voted in by her colleagues for her exemplary and strategic leadership,[1. 0. 0. 0. 0. 0.],[1. 0. 0. 0. 0. 0.],-0.8681426048278809,-1.495491862297058,1.2818553447723389,0.4962136447429657
8wQhzezNcUY[1],stewart let me give you an example my princess foundation recently announced a fund raising campaign in the german city of and in yet in four weeks we were able to collect more than half million euro for poor families for women and their families in southern india and,[1. 1. 0. 0. 0. 1.],[1. 0. 0. 0. 0. 0.],0.18627145886421204,-1.142712116241455,1.664690375328064,0.4679897427558899
92291[1],anyways ice cube plays this guy named nick persons who has just married the woman of his dreams suzanne and umm he wants to settle down so he buys a quiet suburban house to escape you know the hustle and bustle of you know the city life and,[1. 0. 0. 0. 0. 0.],[1. 0. 0. 0. 0. 0.],-0.5355563163757324,-0.6826843023300171,0.8753599524497986,0.6325618028640747
9Lr4i7bIB6w[6],in this section you will find how nasa is working to weave into the fabric of its culture and how we are seeking to utilize to maximize the individual potentials of our workforce,[1. 0. 0. 0. 0. 0.],[1. 0. 0. 0. 0. 0.],-0.33590075373649597,-0.9786856770515442,0.5343948602676392,1.332638144493103
9PzZSheh10U[26],a question that i'm asked very frequently is what is the difference between customer experience customer service and customer let's start off by explaining what customer experience is customer experience is a collection of events that your customers experience or goes through when doing business with you from beginning to end,[1. 0. 0. 0. 0. 0.],[1. 1. 0. 0. 0. 0.],0.17116829752922058,-0.660551905632019,1.6817729473114014,0.5897802114486694
A1lFJXUpxZo[4],initiative we have some strong institutional partners and we also want to make sure that we involve grassroots community based organizations and individuals parents residents of the community and young people that are growing up in the community in the decision making processes and the designing key elements of our pipeline of and i,[0. 1. 0. 1. 0. 1.],[1. 1. 0. 0. 0. 1.],1.0753861665725708,-1.5031914710998535,0.9352688193321228,0.8634909391403198
BJS5KCSowgU[2],can go into sometimes you can't sleep and it's o'clock at night and you think know got some energy to burn i'll start doing some and you do and you get through them quite quick i would definitely,[1. 0. 0. 0. 0. 0.],[1. 0. 0. 0. 0. 0.],-0.07230319082736969,-1.1688086986541748,1.2094391584396362,0.7191223502159119
CO6n-skQJss[3],enlightening i have applied it to behaviors tho the best example i could give you is adam in the garden because more often than not when you catch someone doing wrong the first thing they try to do is hide the second thing is too use the proverbial fig leaf and try to cover it up and when all else fails they blame someone else i think it's pretty scary how ritualistic we all really are,[1. 1. 0. 0. 0. 1.],[1. 0. 0. 0. 0. 1.],-0.48776179552078247,-0.8329464793205261,1.587259292602539,0.9316580891609192
DR65no1jCbg[1],advertising in my village i joined this program because i used to be a university student but i gave up my studies because i got married hence this program allowed me to get back in the technology field and improve myself and open new horizons for me despite the fact that i am married and have kids now i have the opportunity,[0. 1. 1. 0. 0. 1.],[1. 1. 0. 0. 0. 0.],0.144248366355896,-1.248702049255371,1.5986560583114624,0.7337754964828491
EO_5o9Gup6g[1],to explain why the last one didn't work adherents to the keynesian economic philosophy are claiming that they actually did work it just looks like they didn't because we don't realize how much worse off we would be right now without trillions of dollars of public spending,[1. 0. 1. 1. 1. 0.],[0. 1. 1. 1. 1. 1.],1.00486421585083,0.9758411645889282,1.40424382686615,0.3873730003833771
EO_5o9Gup6g[15],second of all businesses are reluctant to hire and invest not because they are looking for temporary credits but because of future uncertainty they simply don't know what the government is going to do next and how future government policies will affect decisions they make now,[0. 1. 1. 0. 1. 0.],[1. 0. 1. 0. 0. 1.],0.7344383001327515,-0.6221368312835693,1.8389500379562378,0.8281622529029846
GAVpYuhMZAw[1],rental income if you're struggling with a borrowing capacity then maybe going with the lender who takes all that rental income into account might mean that you can borrow more money i do suggest that you always go and speak to your mortgage broker about this because he will have access to all the lenders they know all the criteria and they can help you out in the coming,[1. 0. 0. 0. 0. 1.],[1. 1. 0. 0. 0. 0.],0.729691743850708,-0.13881945610046387,1.1385657787322998,0.7141150236129761
GmpDbIstUdc[2],depend on i'm always on time i'm then it comes to tell me something about your weaknesses an example might be well you know i'm the kind of person that once i get started on a task i have difficulty getting off that task and getting on to something else you always want to have with the weakness what you've done to compensate for that,[1. 1. 1. 0. 0. 0.],[1. 1. 0. 0. 0. 1.],0.2540104389190674,-1.4424304962158203,1.8503721952438354,0.32499656081199646
HJTxq72GuMs[1],in the more medium term i think how to change cultural values and traditions become s a much more longer term issue but having role models having girls understand that their self esteem should not just be measured by that fact that they're married and having children needs to be changed and i think,[0. 1. 0. 0. 0. 0.],[1. 1. 0. 0. 0. 0.],0.8009138703346252,-1.112842321395874,1.5872061252593994,0.609792172908783
HbaycY0VuZk[1],business the link below is to the page on my website that talks about the variety of things that i utilize online to make money and direct marketing is a big component of that and i teach my team exactly how to do that and that is totally free for those of you who are on my team so i hope,[1. 0. 0. 0. 0. 0.],[1. 0. 0. 0. 0. 0.],-0.6694098711013794,-1.37379789352417,1.58945631980896,0.30881550908088684
IHp8hd1jm6k[22],leaders we actually pull some of those out and say we're having you listen to this not actually what he's talking about earnings but how he tells the story about earnings and they're in awe wow that is that is so compelling and what they see is a great communicator and a great storyteller stands above all the rest but we also show them video that's a very,[1. 0. 0. 1. 0. 0.],[1. 0. 0. 0. 0. 0.],-1.3448870182037354,-0.9004951119422913,1.3674179315567017,0.47162890434265137
Iemw8vqt-54[2],side so this whole experience has made american very rich and we respect the fact that muslims and jews and christians and hindus and buddhists and everyone else has equal rights under the law in the united states and we see it through the way our american citizens live out their lives when you,[1. 0. 0. 0. 0. 0.],[1. 0. 0. 0. 0. 0.],-1.522462248802185,-0.6238745450973511,0.13707996904850006,1.402029275894165
KB5hSnV1emg[4],when you're deciding to do a paid app or a paid game make sure that the quality is extremely high because people are going to expect this for this type of an app if you're just testing,[0. 0. 1. 0. 0. 0.],[1. 1. 0. 0. 0. 0.],0.05054150149226189,-1.0136405229568481,1.8272151947021484,0.07075005024671555
Kyz32PTyP4I[2],been and the evidence is this that even despite a big downturn in the energy sector where unfortunately two thousand jobs in saskatchewan had been lost our economy actually created net new jobs because of the diversity of our economy because of the strength in agriculture because of the strength in manufacturing and tech and in mining,[0. 0. 0. 0. 0. 0.],[1. 1. 1. 1. 0. 1.],0.028947914019227028,-0.2931293845176697,2.3397727012634277,0.17921903729438782
LJGL2sGvSS0[10],thing to be successful as an entrepreneur you first of all you need to be passionate you need to be willing to implement you need to be willing to take that step forward i also think you need to be very teachable and be willing to get advice from people when you need it when,[1. 0. 0. 0. 0. 0.],[1. 0. 0. 0. 0. 0.],-0.2700793147087097,-0.963080108165741,0.9640930891036987,1.1178773641586304
MHyW857u_X8[2],business you can't constantly teach and speak about something without it having a dramatic effect on how you live your life how you do your business and etc because you can't continuously teach something and live a completely different way or do it a completely different way without being consider a fraud or a fake so,[1. 0. 1. 0. 0. 1.],[1. 0. 1. 0. 1. 0.],0.4151090979576111,0.9465698003768921,0.7597466707229614,1.8745667934417725
MtIklGnIMGo[0],that's a problem so then you have people that follow them that think well my leaders want peace they say they want peace i want peace so if they think it's okay to build more settlements that will bring peace they're going to follow those people but we're not going to get peace and i'm concerned,[0. 1. 1. 0. 1. 1.],[0. 1. 1. 0. 1. 1.],1.6168285608291626,0.07523442804813385,0.9570696353912354,1.1018929481506348
NoOt0oU843M[4],again we know that equipment is very important to you and having that safe reliable equipment is a key to your success delivering to our customers safely and timely and for you to earn the miles and the pay that you deserve so again,[1. 1. 0. 0. 0. 1.],[1. 0. 0. 0. 0. 0.],0.28008198738098145,-0.607612669467926,1.4194073677062988,0.5996196866035461
OORklkFql3k[11],while the negotiators were closing the deal in vienna iran's supposedly moderate president chose to go to a rally in tehran and at this rally a frenzied mob burned american and israeli flags and chanted to america death to now this didn't happen four years ago,[0. 1. 1. 0. 1. 0.],[0. 1. 1. 0. 1. 0.],-0.02651614509522915,1.681198000907898,-0.3866996169090271,1.4720700979232788
P0UHzR4CmYg[2],for instance when you're doing e mail triage every morning do you question whether a particular e mail is from a real person or is it an e mail blast that's been personalized to you are you suspicious of the ads that you see are even re targeted or do you stop looking at your direct messages on because all you seem to receive are automated messages your audience is just as sick of being bombarded with automation as you are and in this discussion of automation let's also consider the human error factor,[1. 0. 0. 0. 1. 0.],[1. 0. 1. 1. 1. 0.],-0.6089445948600769,0.5297971963882446,2.017186403274536,0.6438573598861694
Pbu6oAKFCvo[1],doing your research will always pay off even more so with stocks if you're not a very tech savvy person or apple stock great as they may be will end up costing you money similarly for stocks if you don't know the oil market and so on,[1. 0. 0. 0. 0. 0.],[1. 1. 0. 0. 0. 1.],0.16691578924655914,-1.076347827911377,1.700527310371399,0.595788300037384
QBc7X5jj8oA[0],companies one has to remember however that when mark took over at sunrise with its shares trading below cents and bankruptcy looming a sale of the company was always on the table as sort of an strategy if he could accomplish what many thought was a near impossible task,[1. 0. 0. 0. 0. 0.],[1. 0. 0. 0. 0. 0.],0.163258895277977,-0.2059033215045929,1.3490761518478394,0.6239455342292786
R9xTBw3MCWI[4],possession so for most of you especially if you've taken the health three unit health class which isn't required to transfer to a and even to transfer to a you have a lot of options in that area e but if you've taken it again this chapter will be just a good reminder at this point,[1. 0. 0. 0. 0. 0.],[1. 1. 0. 0. 0. 1.],0.6429550051689148,-1.1040927171707153,2.1546599864959717,0.2079658955335617
R9xTBw3MCWI[14],possession how would you feel and how it would be to have that item in your life and now i want you to imagine how you would take care of that object if it was a car for example i know a lot of you have dream cars how would you take care of ti would you read the instruction manual would you make sure it had tune ups would you polish it to perfection and make sure it was always in its prime state,[0. 0. 0. 0. 0. 0.],[1. 0. 0. 0. 0. 0.],-1.3684183359146118,-0.6735944747924805,1.5347565412521362,0.4664018154144287
SD6wphlw72U[0],hi guys its jasmine from chances are you landed on this video because you were searching for spanish language courses recently i have been searching for some spanish language courses online but i got frustrated because everywhere i searched seemed to lead to products that just of good quality however,[1. 0. 1. 0. 1. 0.],[1. 1. 1. 1. 1. 0.],-0.5759126543998718,0.6005021929740906,1.5806851387023926,0.4671255648136139
SYQ_zv8dWng[2],in your home so if you take off what your home's worth say if you owe that's equity of okay so it's the difference between what you owe and what your house is worth your equity the,[1. 0. 0. 0. 0. 0.],[1. 0. 0. 0. 0. 0.],-0.7616662979125977,-0.31715941429138184,0.16889135539531708,1.6588746309280396
SqAiJrvHXNA[0],hi this is donnie welcome back to flooring my life product reviews today we're going to give a review on reward hardwood flooring first i want to go over a little of the company background of reward then i'll go over the design construction finish maintenance and installation of this product reward is actually a brand of company is a large here on the west coast and reward is actually manufactured in china but they do a really good job of quality control by having employees actually employed in their china manufacture facilities the design is really what makes this product line you're going to have a lot of species options with red oak white oak maple birch american walnut american cherry hickory a lot of stain colors within those species as well also some exotics brazilian cherry,[1. 0. 0. 1. 0. 0.],[1. 0. 0. 0. 0. 0.],-0.7817468643188477,-0.7146206498146057,0.8322584629058838,0.7069351673126221
SwT0gh0V8fI[7],wrong page what is going on i found sherlock holmes to be a lot more likeable than i think most adaptations portray him and i don't know if maybe he gets a more difficult shall we say personality in the latter mysteries but in this novel i thought he was a fairly likeable character he has,[1. 0. 0. 1. 0. 0.],[1. 1. 1. 1. 1. 0.],-0.10281962156295776,0.3291611671447754,0.763465166091919,0.8329115509986877
TtAyUQtmTLk[4],context it's a great example of that kind of work and the lesson ends with an award winning documentary film about the remarkable ability of people to come together and form community even in the face of what could otherwise be described as a devastating tragedy so enjoy and i look forward to hearing your thoughts,[1. 0. 0. 0. 0. 0.],[1. 1. 0. 0. 0. 0.],0.605783998966217,-1.2204015254974365,1.6372973918914795,0.28352195024490356
U8VYG_g6yVE[1],you know over the last years i will tell you rewind years ago that's what i was looking for i was looking for a team i was looking for a mentor and i was just really looking for somebody that could lay out an exact plan that could get me and my family to where we wanted to go,[1. 0. 0. 0. 0. 0.],[1. 1. 0. 0. 0. 0.],-0.41120433807373047,-1.0582624673843384,2.099027633666992,-0.2529774308204651
UweZVaFqruU[6],another general tip is we're looking for three credit items to be open for a minimum of months so if you don't have any credit you need to go out and borrow some money to build up your credit history before you go get a mortgage which is the biggest piece of credit you'll ever get,[0. 0. 0. 0. 0. 0.],[1. 0. 0. 0. 0. 1.],0.8088594079017639,-0.8116899728775024,1.5346357822418213,0.7911230325698853
VLQgw-88v4Q[0],are you looking for a stock secured loan have you ever thought about using your stock bond or mutual fund securities portfolio as collateral for a credit line if rather not sell your stock portfolio when you need cash look no further than a b nicholas,[1. 0. 0. 0. 0. 0.],[1. 0. 0. 0. 0. 0.],0.17616665363311768,-0.5315093398094177,1.340172290802002,1.061622977256775
VsXGwSZazwA[3],procedure one thing forensic psychologists have done is look at witness memory particularly how we can help the police to get the most out of what a witness has seen of a crime so,[1. 0. 0. 1. 0. 0.],[0. 1. 0. 0. 0. 0.],1.845898151397705,-0.543150007724762,0.9852072596549988,0.24866728484630585
WgI8IbJtXHw[1],as a friend of colombia president wants the people of this country to know that when you achieve that peace the united states of america will do everything in our power to help respect it and to help you be able to implement it and obviously,[0. 1. 1. 0. 0. 0.],[1. 1. 0. 0. 0. 0.],0.04522024467587471,-0.91404789686203,0.8643299341201782,0.8227652311325073
WoL4fCxGd8Q[10],information it's called if you have a question about anything you just it and you can find so much information at your finger tips but i guess people choose not to use common sense to do that but anyways getting back to the song i've always found,[0. 1. 0. 0. 1. 0.],[1. 0. 0. 1. 0. 0.],-1.340062141418457,-0.875531017780304,1.649395227432251,0.4883749783039093
XLjpZUsFEXo[0],in and then the other thing you want to need is a little bit of a light of course we're shooting this here for expert village we're lit and you can see me very clearly that's why on your video that you're watching me on right now looks great the quality looks real good well that's,[1. 0. 0. 0. 0. 0.],[1. 0. 1. 0. 0. 0.],-0.2853567898273468,-0.918607234954834,0.8519657850265503,1.1310893297195435
XrNaL-MTjXg[0],monologue so if i say if i'm talking to my best friend i'm talking about this person who loves me i say that he loves me he knows me for who i am and he loves me he can't help himself from loving me for exactly who i am this is my monologue,[1. 0. 0. 0. 0. 0.],[1. 1. 1. 0. 1. 1.],-0.45588386058807373,-0.06466589868068695,1.8081419467926025,1.0745313167572021
YgyeyooSz0g[0],and this is important for the borrower to have some underlying security for the loan that they have put forward to you because more often than not their a savings institution and they have responsibility to their depositors to make sure that the money that they have in their institution is secured by underlying assets so,[0. 1. 1. 0. 0. 0.],[0. 1. 1. 0. 0. 0.],1.5050644874572754,-0.21284843981266022,0.5381652116775513,1.4668713808059692
ZS1Nb0OWYNE[4],we have wei and sir george and they have typical migrant stories of struggle hard work and success and i know in this conference centre there are many more stories of achievement that will play out going forward,[1. 0. 0. 0. 0. 0.],[1. 1. 0. 0. 0. 0.],-0.12920348346233368,-0.46744221448898315,1.0825704336166382,1.0789315700531006
ZsLrKF7_Oos[0],this meeting was particularly important to the because it moved them in their evaluation thinking from making sure that they had a product or solution that was of good enough integrity to use with patients to thinking much more broadly about the evaluation how was this going to impact the physician how was,[1. 1. 0. 0. 0. 0.],[1. 1. 1. 0. 0. 0.],0.7202594876289368,-0.4735269844532013,1.2428464889526367,0.6667492389678955
_on_E-ZWy0I[4],program now what if you paid all of your student loans on time but still reporting late payments then what you need to do is reach out to us and we will give you a free credit audit and consultation if you have,[0. 0. 0. 0. 1. 0.],[1. 0. 0. 0. 0. 0.],0.6704866886138916,-0.6856075525283813,1.8394737243652344,0.7257461547851562
_q7DM8WkzAQ[5],jokes can be good but they can also be very bad if they're not targeted directly so be really careful about how you use humor in your speech because it can actually end up doing more harm than good another,[0. 1. 1. 1. 1. 0.],[1. 1. 1. 0. 0. 0.],0.78944331407547,-0.22325332462787628,1.2683204412460327,0.5476508736610413
absh1hsZeF0[1],meanwhile macy's is up around continuing a five session win streak which is sort of an interesting juxtaposition for both department stores and off price retailers since off have generally been seen as in the retail space while department stores have generally been struggling so after,[1. 0. 0. 1. 0. 0.],[1. 0. 0. 1. 0. 1.],-0.3901224434375763,-1.0092130899429321,2.5256145000457764,0.07741371542215347
bNQOeiAotbk[7],their life that's exactly what you have to think of when you are going to an interview but instead of telling jokes you are telling your professional stories you are telling the stories of the challenges you've faced in your professional career and you're gonna tell them the steps you took to overcome those challenges so always,[0. 0. 0. 0. 0. 0.],[1. 0. 1. 0. 0. 0.],-0.41034308075904846,-0.14414525032043457,0.8959856033325195,0.7726233601570129
bvycs3BXtx0[1],and i think those aspects of marketing are going to become much more important again in the wake of health care reform and what's going to happen with the influx of new folks and the influx of new products and services that will be covered or frankly not covered because of changes in regulation,[0. 1. 0. 0. 0. 0.],[1. 1. 1. 1. 0. 1.],-0.36226239800453186,-1.1624547243118286,2.612205982208252,0.403867244720459
c5zxqITn3ZM[4],times the other thing that we have done is we are putting in place global communities it is called the mic at star com and these are global listening communities that we have where we can at any point in time put out questions to these communities the first,[1. 0. 0. 0. 0. 0.],[1. 0. 0. 0. 0. 0.],-0.04439111053943634,-1.517049789428711,1.3378313779830933,0.5644125938415527
cX8FScpsfLE[0],the road not taken by robert frost two roads diverged in a yellow wood and sorry i could not travel both and be one traveler long i stood and looked down one as far as i could to where it bent in the undergrowth then took the other as just as fair and having perhaps the better claim because it was grassy and wanted wear though as for that the passing there had worn them really about the same and both that morning equally lay in leaves no step had black,[0. 1. 0. 1. 0. 1.],[1. 1. 1. 0. 1. 1.],1.7509208917617798,0.1064189001917839,0.8862690925598145,0.645786702632904
d-Uw_uZyUys[2],but you know what it's not even just about him going around and talking in codes about gender it's everyone yourself included the only reason why we are here tonight in this interview in my house is because you requested it right it was entirely your idea and here still you are thinking that you are being welcomed into my lovely place you are thanking me for that this is the thing that you say to your next door lady that bakes you chocolate chips cookies this pitcher of iced tea is not even mine your producer set it here and why is that for the same reason that you call me a real life cinderella story you are telling the world that i am a woman without having to use the word and for you it's just an angle and i get it you might even think that it's innocuous but guess what it's not,[1. 0. 1. 1. 1. 0.],[1. 0. 1. 1. 1. 0.],-1.4325611591339111,1.010238766670227,1.1708064079284668,1.2442599534988403
dTcz1am1eUw[2],educational level we have exchanges and international visitor programs that about religion they are about different kinds of people whether we are talking about people from countries in one part of the world that focusing on a particular issue or talking about demographics that slice a region and have to do with an issue like business leaders or entrepreneurship,[1. 0. 0. 0. 0. 0.],[1. 1. 1. 0. 0. 0.],0.22272835671901703,-0.6831198930740356,1.098166584968567,1.1718626022338867
eD5cScqaf6c[2],industry if are you moving house or flat in london or national wide or moving office or you need storage fell up the the form below and get your free quote in second thanks,[1. 0. 0. 0. 0. 0.],[1. 0. 0. 0. 0. 0.],-0.558846652507782,-0.6659030914306641,0.42012521624565125,0.9397608041763306
ex-dKshlXoY[2],consumer data and then we have your entire you know millions of pieces of information on you know how individuals across the country vote how often they vote you know their party registration you know how long been registered to vote that we kind of combine together with those so when kind,[1. 0. 0. 0. 0. 0.],[1. 1. 1. 0. 0. 0.],0.37148815393447876,-0.7171662449836731,1.5063329935073853,0.5019316673278809
fcxbB7ybUfs[1],income it could even be part time income but you are going to want to look at what your income is and then you are going to want to subtract out all the sources of income that you are going to have coming in and what that is going to do is provide you with that need so,[1. 0. 0. 0. 0. 0.],[1. 1. 0. 0. 0. 1.],0.6214138269424438,-0.43102389574050903,1.3083146810531616,0.34406810998916626
fz-MzQcOBwQ[9],happiness he covers a wide variety of topics things like your idea of time your idea of death and he explains them so simply but so fundamentally that it will definitely change the way you look at the world and it'll improve the way that you see everything in your life and it will solve your happiness equation you will definitely,[1. 0. 0. 1. 0. 0.],[1. 0. 0. 0. 0. 0.],-0.7291662693023682,-0.8187462687492371,1.0831949710845947,0.6046728491783142
gLTxaEcx41E[5],and what do you think is new and different that you separated these parts out as separate focused passages well what i want to emphasize about text j which is part of the text i it is this privileged position of as not only the founding hero of athens as understood by the democracy in the century a version of the city of athens but also his role as the initiator of all athenians into what is called the mysteries,[0. 0. 0. 0. 0. 0.],[1. 0. 0. 0. 0. 0.],-0.7601748108863831,0.24882479012012482,0.6513868570327759,1.3093254566192627
gcFECfN4BCU[22],you and when people trust you they're now more likely to listen to your recommendations and want to know what it is that you are doing and how they can get the same thing or what it is what you are recommending because they trust that if they listen to you they are going to get the solutions that they are after and it's the solutions that are the most important with,[1. 0. 0. 0. 0. 0.],[1. 0. 0. 0. 0. 0.],-0.5373981595039368,-1.5584403276443481,1.293453335762024,0.753307580947876
hE-sA5umuCk[1],travel i travel places but not sans francisco that's one of the reasons why i planned to join i really want to join the local guides summit because i want to meet different people from different places listening to their reviews and recommendations and also interact with people how to make a better place for future visits and i think that's all japanese thank you,[1. 0. 0. 0. 0. 0.],[1. 1. 0. 0. 0. 0.],0.13050885498523712,-1.2348506450653076,1.5664008855819702,-0.09641516953706741
ihPjsliqz5o[0],professor nance so this week we're going to be looking at a topic that should be of interest to those of you who have thought about or have previously dealt with owning or helping manage a business and that is forms of business ownership so,[1. 0. 0. 0. 0. 0.],[1. 0. 0. 0. 0. 0.],-0.057451169937849045,-1.3962583541870117,1.6152571439743042,0.7610792517662048
jE3gYsxr_5s[0],hi so you've been thinking about buying a house but you don't have much money down or you don't have any money at all and you're trying to get a one hundred percent mortgage financing which means you're buying the property with no money out of pocket no,[0. 0. 0. 0. 0. 0.],[1. 1. 0. 0. 0. 1.],-0.11656823009252548,-0.23937062919139862,1.8875900506973267,0.5564336180686951
jqutn5ou8_0[0],action the finished down while the nasdaq finished up and the dow finished down we have a weekly look at the markets coming up for you with the stock market today video i'm about to go record that and i also have details on four top notch growth stocks that could provide actionable trading in the coming week so,[1. 0. 0. 0. 0. 0.],[1. 0. 0. 0. 0. 0.],-0.08400560915470123,-1.809478759765625,0.8911339044570923,1.2823632955551147
jqutn5ou8_0[3],also we have a link right now to our last stock market today story update so if you want further detail on the market action and notable movers you can check that out in the meantime also,[1. 0. 0. 0. 0. 0.],[1. 0. 0. 0. 0. 0.],0.01096961461007595,-2.0727920532226562,1.2737219333648682,1.1559325456619263
kXiBdruxTvE[2],myself when nita came and shared her story god touched my life especially through the seminar who i am in christ there is a verse proverbs that taught me how to confess the secrets of my past so i could be released and healed i really,[0. 0. 0. 0. 0. 0.],[1. 1. 1. 0. 0. 1.],0.69283127784729,-0.49419429898262024,1.649507999420166,0.5511699914932251
kpS4BXif_Sw[15],i also spoke several days ago with president and my administration has been in daily communication with russian officials and we've made clear that they can be part of an international communities effort to support the stability and success of a united ukraine going forward which is not only in the interests of the people of ukraine and the international community but also in russia's interest,[0. 0. 1. 0. 0. 0.],[1. 1. 1. 0. 0. 0.],0.8636685609817505,-0.326486200094223,1.011906385421753,0.6886595487594604
lD4xtQ6NpDY[8],foods i examined a lot of leaders and i was fortunate as a lot of great leaders and i took a little bit of each of their story about respect or communication or clarity or just being in the moment,[1. 0. 0. 0. 0. 0.],[1. 0. 0. 0. 0. 0.],-0.7015966773033142,-1.126107096672058,1.0018610954284668,0.9741688966751099
lrjm6F3JJgg[0],outline so definitely pickup a book check with your library they also have a lot of sample business plans and just kind of do it piece by piece you don't have to start from the beginning and kind of start off with what you know the most so what,[1. 0. 0. 0. 0. 0.],[1. 1. 0. 0. 0. 0.],0.2662142217159271,-0.5009958148002625,1.5806649923324585,0.6591898798942566
mRqqH_gx7Q0[1],directly if they are invested in some of the high growth sectors in california such as computers and electronics and these are sectors that are growing very very strongly into europe and indirectly because california is home to the largest number of exporters all of whom are going to benefit from t tip,[0. 1. 0. 0. 0. 0.],[1. 0. 0. 0. 0. 0.],-1.2590079307556152,-1.1684367656707764,1.298057198524475,0.7141749262809753
mzAu5gxjE-w[3],of green our shades of green is a green process which helps owners decide what will level of sustainability make sense for their business we can see additional sales coming in and more profits for the company with those profits we can then turn those around into environmental and sustainable and social improvements so we have the full picture of sustainability we're very excited we're going,[1. 0. 0. 0. 0. 1.],[1. 0. 0. 0. 0. 0.],-0.8781121373176575,-1.2606582641601562,1.2047064304351807,0.5692867636680603
nZFPKP9kBkw[4],trust i think that senior managers who make it a priority and build the capability in the organization and show the faith that both our external partners and internal to the company that we can get to great breakthrough is a key part of that as well,[0. 1. 0. 0. 0. 1.],[1. 0. 0. 0. 0. 1.],0.1685103327035904,-1.6284897327423096,1.355562448501587,0.4436917006969452
oQizLbmte0c[1],even the most trustworthy sales person guarantee an investment will increase in value however the investor who understands risk management and knows how to avoid costly mistakes will be the investor that sleeps well at night and takes control of their future the three keys to wealth are risk management then compound interest then leverage,[1. 0. 0. 0. 0. 1.],[1. 0. 0. 0. 0. 0.],-0.7678200602531433,-1.2075481414794922,0.8135949969291687,0.4913937449455261
obGF3RfWQKE[9],people number three right around the corner when it comes to babies there's gonna be a ton of other things you have to buy really essential things new clothes bathing suits the high chair it's gonna keep going so you really,[1. 0. 0. 0. 0. 0.],[1. 0. 0. 0. 0. 0.],-1.1204825639724731,-0.8835556507110596,1.6343846321105957,0.30596300959587097
p4WmcxrXkc4[0],when thinking about which advertisers are most innovative in talking to moms i often talk about advertisers like quaker out of chicago in understanding that a mass reach outdoor campaign can complement an online campaign which can complement an sampling program and complement the insights that are driving the engagement of moms and i think the work,[1. 1. 0. 0. 0. 0.],[1. 0. 0. 0. 0. 1.],0.007134584244340658,-1.2938261032104492,1.746009111404419,0.8082948923110962
pSxte-ms0t8[12],this fall if a third party candidate gets a significant portion of the vote we will show the major parties that we care about our freedoms and are sick of endless war,[0. 0. 1. 0. 1. 1.],[0. 1. 1. 0. 1. 0.],1.1871063709259033,1.6853235960006714,-0.33392834663391113,1.7637102603912354
pvIQWWiT4-0[0],so i believe india can definitely become a superpower as long as it learns to embrace its start up culture of young entrepreneurs and as long as its an open environment that fosters creativity and that we work together as a united population thank,[1. 0. 0. 0. 0. 0.],[1. 0. 0. 0. 0. 0.],-0.5286481976509094,-0.8607637286186218,1.0617448091506958,1.1575591564178467
qgC8_emxSIU[1],speech you are also going to commit to memory the very first line of the introduction which is your and the very end of your speech the last line or two of the conclusion this is,[1. 0. 1. 0. 1. 0.],[1. 0. 1. 0. 0. 0.],-0.2997695803642273,-0.31380659341812134,1.0447707176208496,1.1307082176208496
r46amqjpWgg[23],crowd so how do you give a speech that is confident funny debonair and charming well it all comes down to execution our first tip in execution lose those notes if i'm looking down at my paper all the time its really hard to form a connection you're just,[1. 0. 0. 0. 0. 0.],[1. 0. 1. 0. 0. 0.],-1.264387607574463,-0.2277071326971054,1.0409592390060425,1.3235836029052734
rhQB8e999-Q[5],graphic designer i have an article you should read about how you can build your personal brand as a designer over on how website there's a link in the description below so make sure you check that out anyway like this video if you like it don't forget to subscribe check out the other,[1. 0. 0. 0. 0. 0.],[1. 0. 0. 0. 0. 0.],-0.7842574715614319,-1.503136396408081,0.5535237193107605,0.83989018201828
skRqBxLLJkE[0],good afternoon welcome to the fortnightly update i'm trying to keep things pretty brief today as everyone is very busy i'd like to start by welcoming into the team she joins us from and will work now as a a long side peter and katie so welcome along and good luck to emma in her new role at february it was busy for february we think will be a little bit quieter a little bit easier to get through some work but compared to february last year if you felt busy it was because you were particularly if you were in doc prep and it was up by in terms of volume on february last year here which is huge also had an uplift of about seven percent year compared to the month on month and hopefully that makes it and settlement obviously got the down stream effect and was very busy imitate them out very easy to the really good story of settlements though is that the ratio of purchases to sales of was in of purchases about to which has been a good sign to the bank and that's been two months running now apart from that we ran our first help session today which was a great success special call out and thanks to and our who represented the business really well and then got that program working with off on a very good note apart from that on a personal note i look forward to seeing all people up in concord i will be flying up on the tuesday and hopefully say when i am up there,[1. 0. 0. 0. 0. 0.],[1. 0. 0. 0. 0. 1.],-0.7737845182418823,-1.7724382877349854,2.025484800338745,-0.0015505177434533834
tO68uTk-T_E[3],well you can write it down and them you can check back okay what i wrote here what i understand you said was and then you've got a reference for later when the conversation is over you've done your,[1. 0. 1. 0. 0. 0.],[1. 0. 0. 0. 0. 0.],-0.7699071168899536,-1.0665708780288696,1.3530532121658325,0.48616456985473633
unOeTDc2rlY[14],all of you the team exercise can be a lot of fun and i know that i personally am excited to start this process and get to know each of you as much as i can until,[1. 0. 0. 0. 0. 1.],[1. 0. 0. 0. 0. 0.],-0.9233858585357666,-1.2250652313232422,1.2120884656906128,0.04048376530408859
ussfmzwftQ8[1],videos you want it makes it a lot more fun for me to put videos that you want and i think it's gonna make it more valuable for you as well so i'm really excited to put up more videos for you soon in the coming weeks and months i,[1. 0. 0. 0. 0. 0.],[1. 1. 0. 0. 0. 0.],-0.22644411027431488,-1.1907130479812622,0.7612648606300354,0.03754151239991188
vR90Pdx9wxs[3],talking the second session i ask the parents to bring in food and we actually start feeding the kid then and i observe how it usually goes now and then based on what i observe i start to intervene and start the treatment to see what works so i can send the parents home with a plan after just the second session,[1. 1. 0. 0. 0. 1.],[1. 1. 0. 0. 0. 1.],1.0138192176818848,-0.8958783149719238,1.5785255432128906,0.19130168855190277
wd8VQ5E7o7o[0],contexts one of the attributes about the program that i think makes it stand out more than anything else is its strong focus on leadership and not leadership in this kind of traditional kind of top down i'm gonna show you how to fix the problems but leadership in a more engaged and empowering sort of way really,[1. 0. 0. 0. 0. 0.],[1. 0. 0. 0. 0. 0.],-0.15733511745929718,-1.2323026657104492,1.9732404947280884,0.18557651340961456
x0rLwBIocuI[0],eventually by the way you should have about five or six monologues ready to perform so that you really need to make sure that you have a one minute monologue a few more one minute monologues maybe one or two two minute monologues for you to perform,[1. 1. 0. 0. 0. 1.],[1. 1. 0. 0. 0. 1.],0.08685558289289474,-0.6252034902572632,1.5425258874893188,0.7680842280387878
xU3N7ujUB-g[0],now if expressing these underlying emotions and still feeling that massive amounts of anger and feeling really enraged or out of control then you need to do something physical,[0. 0. 1. 0. 0. 0.],[0. 1. 0. 0. 0. 0.],1.166104793548584,-0.21049360930919647,1.3961766958236694,0.04586823657155037
y3r2kk8zvl0[7],on one hand they do allow you to think about how to break down a problem and look at different competence and come to kind of a design the other hand they can potentially straight jacket you in problem solving which means in some sense they force you to move very quickly into a solution without really exploring a lot of different options or develop divergent am a very firm believer that before you converge into a solution you really need to explore different solutions keep on,[1. 0. 0. 0. 0. 0.],[1. 0. 0. 0. 0. 0.],-0.35024669766426086,-1.570560336112976,1.4503436088562012,0.4874882102012634
yUqNp-poh9M[3],is that voice going to be another liberal or another person who will be sitting silently in the and given an order paper every day or is it going to be somebody who brings forward a clear vision and is given the voice to speak as loud and strong as possible for this community so that this,[0. 1. 0. 0. 0. 0.],[1. 1. 1. 0. 0. 1.],1.0780093669891357,-0.22541971504688263,1.3487097024917603,0.8950803875923157
ybK5wRaaUyE[4],they think that they have to come out and be separate to follow jesus but satan knows that if he gets you to fellowship with sinners to take part in what they are doing then you really have your eyes on jesus you really follow jesus with your heart but you will just pay jesus lip service but he will not have your heart,[0. 0. 1. 0. 1. 1.],[0. 1. 1. 0. 1. 1.],0.9509301781654358,1.4340088367462158,-0.24716593325138092,1.8254379034042358
zfZUOvZZTuk[11],next based on what we know now and after consultation with pasco county emergency operations leaders we will need to open shelters in schools beginning friday morning that,[0. 0. 0. 0. 0. 0.],[0. 1. 0. 0. 0. 1.],1.5783519744873047,-1.1556551456451416,1.6025546789169312,0.039406176656484604
zhNksSReaQk[12],there is autistic people and they are talking about autism and their and they go to defend themselves by saying things like well autistic people aren't stupid or,[0. 1. 0. 0. 0. 0.],[0. 1. 1. 0. 1. 0.],0.6619753241539001,0.6518561840057373,0.9681498408317566,0.7136458158493042
zhNksSReaQk[36],battery died and now it's charging but i won't be able to film an episode today so i wanted to make use of my makeup and my words that i have and make a little i don't,[1. 0. 0. 0. 0. 0.],[1. 1. 0. 0. 0. 0.],0.8038589358329773,0.1448296457529068,1.2920185327529907,0.04596783593297005
